,0,title,link
2,"[1] M. Arvaneh, C. Guan, K. K. Ang and C. Quek, ""Optimizing the Channel Selection and Classification Accuracy in EEG-Based BCI,"" in IEEE Transactions on Biomedical Engineering","Quek, Optimizing the Channel Selection and Classification Accuracy in EEG-Based BCI, in IEEE Transactions on Biomedical Engineering",https://pubmed.ncbi.nlm.nih.gov/21427014/
3,"[2] N. Rathipriya, S. Deepajothi and T. Rajendran, ""Classification of motor imagery ecog signals using support vector machine for brain computer interface,"" 2013 Fifth International Conference on Advanced Computing (ICoAC)","Rajendran, Classification of motor imagery ecog signals using support vector machine for brain computer interface, 2013 Fifth International Conference on Advanced Computing (ICoAC)",https://www.semanticscholar.org/paper/Classification-of-motor-imagery-ecog-signals-using-Rathipriya-Deepajothi/9535e2594aeadb961c4d0a24ac005025d54d4096
4,"[3] C. Guger, A. Schlogl, C. Neuper, D. Walterspacher, T. Strein and G. Pfurtscheller, ""Rapid prototyping of an EEG-based brain-computer interface (BCI),"" in IEEE Transactions on Neural Systems and Rehabilitation Engineering","Pfurtscheller, Rapid prototyping of an EEG-based brain-computer interface (BCI), in IEEE Transactions on Neural Systems and Rehabilitation Engineering",https://pubmed.ncbi.nlm.nih.gov/11482363/
5,"[4] Jones, Owen D. and Buckholtz, Joshua and Schall, Jeffrey D. and Marois, Rene, Brain Imaging for Legal Thinkers: A Guide for the Perplexed (December 20, 2009). Stanford Technology Law Review, Vol. 5, 2009, Vanderbilt Public Law Research Paper No. 10-09","and Marois, Rene, Brain Imaging for Legal Thinkers: A Guide for the Perplexed (December 20, 2009)",https://papers.ssrn.com/sol3/papers.cfm?abstract_id=1563612
6,"[5] Portnova, Galina V. and Atanov, Mikhail S., Age-Dependent Changes of the EEG Data: Comparative Study of Correlation Dimension D2, Spectral Analysis, Peak Alpha Frequency and Stability of Rhythms (May 31, 2016). International Journal of Innovative Research in Computer Science & Technology (IJIRCST), Volume 4, Issue 2, March - 2016",", Age-Dependent Changes of the EEG Data: Comparative Study of Correlation Dimension D2, Spectral Analysis, Peak Alpha Frequency and Stability of Rhythms (May 31, 2016)",https://ijircst.org/DOC/6_irp469.pdf
7,"[6] Rakhmatulin, Ildar, Progress in Neural Networks for EEG Signal Recognition in 2021 (March 30, 2021).","[6] Rakhmatulin, Ildar, Progress in Neural Networks for EEG Signal Recognition in 2021 (March 30, 2021)",https://www.researchgate.net/publication/350471978_Progress_in_neural_networks_for_EEG_signal_recognition_in_2021_arXiv210315755
8,"[7] Feyissa, Anteneh & Worrell, Gregory & Lagerlund, Terrence. (2021). EEG and Epilepsy. ","[7] Feyissa, Anteneh & Worrell, Gregory & Lagerlund, Terrence",https://mayoclinic.pure.elsevier.com/en/persons/anteneh-feyissa
9,"[8] Das, Yudhajit & Wang, Xinlong & Kota, Srinivas & Zhang, Rong & Liu, Hanli & Chalak, Lina. (2021). Neurovascular coupling (NVC) in newborns using processed EEG versus amplitude-EEG. ","[8] Das, Yudhajit & Wang, Xinlong & Kota, Srinivas & Zhang, Rong & Liu, Hanli & Chalak, Lina",https://in.linkedin.com/in/yudhajit
10,"[9] Rubinos, Clio & Alkhachroum, Ayham & der-nigoghossian, Caroline & Claassen, Jan. (2020). Electroencephalogram Monitoring in Critical Care. Seminars in Neurology","[9] Rubinos, Clio & Alkhachroum, Ayham & der-nigoghossian, Caroline & Claassen, Jan",https://twitter.com/rubinorth?lang=en
11,"[10] J. Thiagarajan, Jayaraman & Rajan, Deepta & Katoch, Sameeksha & Spanias, Andreas. (2020). DDxNet: a deep learning model for automatic interpretation of electronic health records, electrocardiograms and electroencephalograms. Scientific Reports","DDxNet: a deep learning model for automatic interpretation of electronic health records, electrocardiograms and electroencephalograms",https://pubmed.ncbi.nlm.nih.gov/33009423/
12,"[11] TuerxunWaili, & Alshebly, Yousif & Sidek, Khairul & Md Johar, Md Gapar. (2020). Stress recognition using Electroencephalogram (EEG) signal. Journal of Physics: Conference Series","[11] TuerxunWaili, & Alshebly, Yousif & Sidek, Khairul & Md Johar, Md Gapar",https://www.researchgate.net/publication/328665941_Experiment_of_ECG_Human_Identification_with_Deep_Learning_Algorithm
13,"[12] Cheemalapati, Surya & Gubanov, Michael & Vale, Michael & Pyayt, Anna. (2013). A real-time classification algorithm for emotion detection using portable EEG. Proceedings of the 2013 IEEE 14th International Conference on Information Reuse and Integration, IEEE IRI 2013.","Proceedings of the 2013 IEEE 14th International Conference on Information Reuse and Integration, IEEE IRI 2013",http://www.proceedings.com/19735.html
14,"[13] Jun, G., & Smitha, K. G. (2016). EEG based stress level identification. 2016 IEEE International Conference on Systems, Man, and Cybernetics (SMC). ","2016 IEEE International Conference on Systems, Man, and Cybernetics (SMC)",https://ieeexplore.ieee.org/iel7/6745853/7902239/07902230.pdf
15,"[14] Rahman, Tatiur & Ghosh, Apu & Shuvo, Md. Maruf Hossain. (2015). Mental Stress Recognition using K-Nearest Neighbor (KNN) Classifier on EEG Signals.",Mental Stress Recognition using K-Nearest Neighbor (KNN) Classifier on EEG Signals,https://www.researchgate.net/publication/326413005_Mental_Stress_Recognition_using_K-Nearest_Neighbor_KNN_Classifier_on_EEG_Signals
16,"[15] Waili, T & Md Johar, Md Gapar & Sidek, K. & Nor, N. & Yaacob, H. & Othman, M.. (2019). EEG Based Biometric Identification Using Correlation and MLPNN Models. International Journal of Online and Biomedical Engineering (iJOE).",EEG Based Biometric Identification Using Correlation and MLPNN Models,https://online-journals.org/index.php/i-joe/article/view/10880
17,"[16] Nath, Debarati & Uddin, Md & Rana, Muhammad Masud & Biswas, Protik & Wahed, Shabnam & Ahmad, Mohiuddin. (2015). Number recognition using salient features of beta rhythmic EEG signal.","[16] Nath, Debarati & Uddin, Md & Rana, Muhammad Masud & Biswas, Protik & Wahed, Shabnam & Ahmad, Mohiuddin",http://scholar.google.co.in/citations?user=08Uh0hwAAAAJ&hl=en
18,"[17] Islam, Monira & Ahmed, Tazrin & Mostafa, Sheikh & Yusuf, Md.Salah Uddin & Ahmad, Mohiuddin. (2013). Human Emotion Recognition using Frequency & Statistical Measures of EEG Signal. 2013 International Conference on Informatics, Electronics and Vision, ",Human Emotion Recognition using Frequency & Statistical Measures of EEG Signal,https://ieeexplore.ieee.org/document/6572658
19,"[18] Hasan, Md & Ullah, S. M. & Sen Gupta, Shantanu & Ahmad, Mohiuddin. (2016). Drowsiness Detection for the Perfection of Brain Computer Interface Using Viola-jones Algorithm. ",Drowsiness Detection for the Perfection of Brain Computer Interface Using Viola-jones Algorithm,https://pubmed.ncbi.nlm.nih.gov/29432111/
20,"[19] Riheen, Manjurul Ahsan & Rahman, Md Wasiur & Hossain, A B M Aowlad. (2014). Selection of proper frequency band and compatible features for left and right hand movement from EEG signal analysis. 16th Int'l Conf. Computer and Information Technology,",Selection of proper frequency band and compatible features for left and right hand movement from EEG signal analysis,https://www.ncbi.nlm.nih.gov/pmc/articles/PMC3391175/
21,"[20] Lakshan, Imasha & Wickramasinghe, Lumini & Disala, Sandaru & Chandrasegar, Smirithika & S. Haddela, Prasanna. (2019). Real Time Deception Detection for Criminal Investigation.","[20] Lakshan, Imasha & Wickramasinghe, Lumini & Disala, Sandaru & Chandrasegar, Smirithika & S",https://m.facebook.com/106340847881655/photos/a.106340884548318/184286780087061/?type=3
22,"[21] Edla, Damodar & Ansari, Md & Chaudhary, Nikhil & Dodia, Shubham. Classification of Facial Expressions from EEG signals using Wavelet Packet Transform and SVM for Wheelchair Control Operations. Procedia Computer Science.",Classification of Facial Expressions from EEG signals using Wavelet Packet Transform and SVM for Wheelchair Control Operations,https://www.sciencedirect.com/science/article/pii/S1877050918308135
23,"[22] Hossain, Md & Rahman, Md. (2013). Inter subject inconsistency measures of EEG data on the basis of correlation dimension. International Journal of Computer Science Engineering (IJCSE)",Inter subject inconsistency measures of EEG data on the basis of correlation dimension,https://www.frontiersin.org/articles/10.3389/fninf.2010.00005/full
24,"[23] Mesquita, Victor & Filho, Florêncio & Rodrigues, Paulo. (2020). Detection of crossover points in detrended fluctuation analysis: An application to EEG signals of patients with epilepsy. Bioinformatics.",Detection of crossover points in detrended fluctuation analysis: An application to EEG signals of patients with epilepsy,https://academic.oup.com/bioinformatics/article-abstract/37/9/1278/5952661
25,"[24] Azim, Md & Amin, Md & Haque, Shah & Ambia, Mir Nahidul & Shoeb, Md. (2010). Feature extraction of human sleep EEG signals using wavelet transform and Fourier transform.",Feature extraction of human sleep EEG signals using wavelet transform and Fourier transform,https://www.infona.pl/resource/bwmeta1.element.ieee-art-000005555506
26,"[25] Hasan, Md Junayed & Shon, Dongkoo & Im, Kichang & Choi, Hyun-Kyun & Yoo, Dae-Seung & Kim, Jongmyon. (2020). Sleep State Classification Using Power Spectral Density and Residual Neural Network with Multichannel EEG Signals. Applied Sciences.",Sleep State Classification Using Power Spectral Density and Residual Neural Network with Multichannel EEG Signals,https://www.mdpi.com/2076-3417/10/21/7639
27,"[26] Mursalin, Md & Zhang, Yuan & Chen, Yuehui & Chawla, Nitesh. (2017). Automated Epileptic Seizure Detection Using Improved Correlation-based Feature Selection with Random Forest Classifier. Neurocomputing. ",Automated Epileptic Seizure Detection Using Improved Correlation-based Feature Selection with Random Forest Classifier,https://www.semanticscholar.org/paper/Automated-epileptic-seizure-detection-using-feature-Mursalin-Zhang/2aead73b8834b7b8abb7280f4f09e47002ee96d4
28,"[27] Ferdous, Nusrat & Aman, Sayeda & Imtiaz, Masudul & Kiber, Md. (2012). Differentiating Sleep and Awake EEG Signal.","[27] Ferdous, Nusrat & Aman, Sayeda & Imtiaz, Masudul & Kiber, Md",https://www.instagram.com/jannatul_ferdous_promee/?hl=en
29,"[28] Hasan, Md Junayed & Kim, Jongmyon. (2019). A Hybrid Feature Pool-Based Emotional Stress State Detection Algorithm Using EEG Signals. Brain Sciences.",A Hybrid Feature Pool-Based Emotional Stress State Detection Algorithm Using EEG Signals,https://www.mdpi.com/2076-3425/9/12/376
30,"[29] Munyon Charles N. “Neuroethics of Non-primary Brain Computer Interface: Focus on Potential Military Applications” Journal=Frontiers in Neuroscience vol.12, 2018",“Neuroethics of Non-primary Brain Computer Interface: Focus on Potential Military Applications” Journal=Frontiers in Neuroscience vol,https://www.researchgate.net/publication/328456332_Neuroethics_of_Non-primary_Brain_Computer_Interface_Focus_on_Potential_Military_Applications
31,"[30] Miranda RA, Casebeer WD, Hein AM, Judy JW, Krotkov EP, Laabs TL, Manzo JE, Pankratz KG, Pratt GA, Sanchez JC, Weber DJ, Wheeler TL, Ling GS. DARPA-funded efforts in the development of novel brain-computer interface technologies. J Neurosci Methods. ","[30] Miranda RA, Casebeer WD, Hein AM, Judy JW, Krotkov EP, Laabs TL, Manzo JE, Pankratz KG, Pratt GA, Sanchez JC, Weber DJ, Wheeler TL, Ling GS",no link found
32,"[31] Chandra, Sushil & Verma, Kundan & Sharma, Greeshma & Mittal, Alok & Jha, Devendra. (2015). EEG based cognitive workload classification during NASA MATB-II multitasking. International Journal of Cognitive Research in Science, Engineering and Education.","[31] Chandra, Sushil & Verma, Kundan & Sharma, Greeshma & Mittal, Alok & Jha, Devendra",https://www.instagram.com/sushilchandra31/
33,"[1] Maryam Butt, Golshah Naghdy, Fazel Naghdy, Geoffrey Murray, and Haiping Du, “Investigating Electrode Sites for Intention Detection During Robot Based Hand Movement Using EEG-BCI System”","[1] Maryam Butt, Golshah Naghdy, Fazel Naghdy, Geoffrey Murray, and Haiping Du, “Investigating Electrode Sites for Intention Detection During Robot Based Hand Movement Using EEG-BCI System”",https://www.researchgate.net/publication/329561606_Investigating_Electrode_Sites_for_Intention_Detection_During_Robot_Based_Hand_Movement_Using_EEG-BCI_System
34,"[2] A. Petrushin, J. Tessadori, G. Barresi and  L. S. Mattos, “Effect of a Click-Like Feedback on Motor Imagery in EEG-BCI and Eye-Tracking Hybrid Control for Telepresence”  2018 IEEE/ASME International Conference on Advanced Intelligent Mechatronics (AIM)","Mattos, “Effect of a Click-Like Feedback on Motor Imagery in EEG-BCI and Eye-Tracking Hybrid Control for Telepresence”  2018 IEEE/ASME International Conference on Advanced Intelligent Mechatronics (AIM)",https://ieeexplore.ieee.org/document/8452292
35,"[3] P. Gaur, H. Gupta, A. Chowdhury, K. McCreadie, R. B. Pachori and H. Wang, ""A Sliding Window Common Spatial Pattern for Enhancing Motor Imagery Classification in EEG-BCI,"" in IEEE Transactions on Instrumentation and Measurement","Wang, A Sliding Window Common Spatial Pattern for Enhancing Motor Imagery Classification in EEG-BCI, in IEEE Transactions on Instrumentation and Measurement",https://pure.ulster.ac.uk/en/publications/a-sliding-window-common-spatial-pattern-for-enhancing-motor-image
36,"[4] M. Zhao, H. Gao, W. Wang and J. Qu, ""Research on Human-Computer Interaction Intention Recognition Based on EEG and Eye Movement,"" in IEEE Access","Qu, Research on Human-Computer Interaction Intention Recognition Based on EEG and Eye Movement, in IEEE Access",https://www.frontiersin.org/articles/10.3389/fnhum.2020.589001/full
37,"[5] A. Sengupta, A. Tiwari and A. Routray, ""Analysis of cognitive fatigue using EEG parameters,"" 2017 39th Annual International Conference of the IEEE Engineering in Medicine and Biology Society (EMBC)","Routray, Analysis of cognitive fatigue using EEG parameters, 2017 39th Annual International Conference of the IEEE Engineering in Medicine and Biology Society (EMBC)",https://ieeexplore.ieee.org/document/8037378
38,"[6] Z. Huang, X. Yang and Y. Li, ""Cognitive Training to Improve Problem Solving with EEG Headset,"" 2018 International Conference on Computational Science and Computational Intelligence (CSCI)","Li, Cognitive Training to Improve Problem Solving with EEG Headset, 2018 International Conference on Computational Science and Computational Intelligence (CSCI)",https://www.researchgate.net/publication/338365223_Cognitive_Training_to_Improve_Problem_Solving_with_EEG_Headset
39,"[7] J. McBride, X. Zhao, N. Munro, Y. Jiang, C. Smith and G. Jicha, ""Scalp EEG signal reconstruction for detection of mild cognitive impairment and early Alzheimer's disease,"" 2013 Biomedical Sciences and Engineering Conference (BSEC)","Jicha, Scalp EEG signal reconstruction for detection of mild cognitive impairment and early Alzheimers disease, 2013 Biomedical Sciences and Engineering Conference (BSEC)",https://pubmed.ncbi.nlm.nih.gov/24598317/
40,"[8] B. Oltu, M. F. Ak?ahin and S. Kibaro?lu, ""Investigation of EEG Signal for Diagnosis of Mild Cognitive Impairment and Alzheimer's Disease,"" 2019 Medical Technologies Congress (TIPTEKNO)","Kibaro?lu, Investigation of EEG Signal for Diagnosis of Mild Cognitive Impairment and Alzheimers Disease, 2019 Medical Technologies Congress (TIPTEKNO)",https://www.discogs.com/Elaine-Kibaro-Pour-LAmour/release/12952257
41,"[9] S. Khatun, B. I. Morshed and G. M. Bidelman, ""A Single-Channel EEG-Based Approach to Detect Mild Cognitive Impairment via Speech-Evoked Brain Responses,"" in IEEE Transactions on Neural Systems and Rehabilitation Engineering","Bidelman, A Single-Channel EEG-Based Approach to Detect Mild Cognitive Impairment via Speech-Evoked Brain Responses, in IEEE Transactions on Neural Systems and Rehabilitation Engineering",https://pubmed.ncbi.nlm.nih.gov/30998476/
42,"[10] S. Hadiyoso, C. La Febry Andira Rose Cynthia, M. Tati Latifah E. R. and H. Zakaria, ""Early Detection of Mild Cognitive Impairment Using Quantitative Analysis of EEG Signals,"" 2019 2nd International Conference on Bioinformatics, BIoTechnology and Biomedical Engineering (BioMIC) - Bioinformatics and Biomedical Engineering, 2019","Zakaria, Early Detection of Mild Cognitive Impairment Using Quantitative Analysis of EEG Signals, 2019 2nd International Conference on Bioinformatics, BIoTechnology and Biomedical Engineering (BioMIC) - Bioinformatics and Biomedical Engineering, 2019",https://biomic.ugm.ac.id/2019/
43,"[11] Y. Kim, N. Kwak and S. Lee, ""Classification of motor imagery for Ear-EEG based brain-computer interface,"" 2018 6th International Conference on Brain-Computer Interface (BCI), 2018","Lee, Classification of motor imagery for Ear-EEG based brain-computer interface, 2018 6th International Conference on Brain-Computer Interface (BCI), 2018",https://koreauniv.pure.elsevier.com/en/publications/classification-of-motor-imagery-for-ear-eeg-based-brain-computer-
44,"[12] A. Jain, T. Choudhury, R. Singh and P. Kumar, ""EEG Signal Classification for Real- Time Neuro Marketing Applications,"" 2018 International Conference on Advances in Computing and Communication Engineering (ICACCE).","Kumar, EEG Signal Classification for Real- Time Neuro Marketing Applications, 2018 International Conference on Advances in Computing and Communication Engineering (ICACCE)",https://braininformatics.springeropen.com/articles/10.1186/s40708-020-00109-x
45,"[13] D. Anwar, A. Gupta, V. Naik and S. K. Sharma, ""Detecting meditation using a dry mono-electrode EEG sensor,"" 2017 9th International Conference on Communication Systems and Networks (COMSNETS)","Sharma, Detecting meditation using a dry mono-electrode EEG sensor, 2017 9th International Conference on Communication Systems and Networks (COMSNETS)",https://www.researchgate.net/publication/317553879_Detecting_meditation_using_a_dry_mono-electrode_EEG_sensor
46,"[14] H. N. Oon, A. Saidatul and Z. Ibrahim, ""Analysis on Non-Linear Features of Electroencephalogram (EEG) Signal for Neuromarketing Application,"" 2018 International Conference on Computational Approach in Smart Systems Design and Applications (ICASSDA)","Ibrahim, Analysis on Non-Linear Features of Electroencephalogram (EEG) Signal for Neuromarketing Application, 2018 International Conference on Computational Approach in Smart Systems Design and Applications (ICASSDA)",https://ieeexplore.ieee.org/document/8477618
47,"[15] A. Carrasquilla-Batista, K. Quirós-Espinoza and C. Gómez-Carrasquilla, ""An Internet of Things (IoT) application to control a wheelchair through EEG signal processing,"" 2017 International Symposium on Wearable Robotics and Rehabilitation (WeRob)","Gómez-Carrasquilla, An Internet of Things (IoT) application to control a wheelchair through EEG signal processing, 2017 International Symposium on Wearable Robotics and Rehabilitation (WeRob)",https://www.hindawi.com/journals/jhe/2020/6968713/
48,"[16] K. Abualsaud, A. Mohamed, T. Khattab, E. Yaacoub, M. Hasna and M. Guizani, ""Classification for Imperfect EEG Epileptic Seizure in IoT applications: A Comparative Study,"" 2018 14th International Wireless Communications & Mobile Computing Conference (IWCMC)","Guizani, Classification for Imperfect EEG Epileptic Seizure in IoT applications: A Comparative Study, 2018 14th International Wireless Communications & Mobile Computing Conference (IWCMC)",https://ieeexplore.ieee.org/document/8450279
49,"[17] N. Borulkar, P. Pandey, C. Davda and J. Chettiar, ""Drowsiness Detection and Monitoring the Sleeping Pattern using Brainwaves Technology and IoT,"" 2018 2nd International Conference on I-SMAC (IoT in Social, Mobile, Analytics and Cloud) (I-SMAC)I-SMAC (IoT in Social, Mobile, Analytics and Cloud) (I-SMAC)","Chettiar, Drowsiness Detection and Monitoring the Sleeping Pattern using Brainwaves Technology and IoT, 2018 2nd International Conference on I-SMAC (IoT in Social, Mobile, Analytics and Cloud) (I-SMAC)I-SMAC (IoT in Social, Mobile, Analytics and Cloud) (I-SMAC)",https://ieeexplore.ieee.org/document/8653772
50,"[18] Y. Duan, Z. Li, X. Tao, Q. Li, S. Hu and J. Lu, ""EEG-Based Maritime Object Detection for IoT-Driven Surveillance Systems in Smart Ocean,"" in IEEE Internet of Things Journal","Lu, EEG-Based Maritime Object Detection for IoT-Driven Surveillance Systems in Smart Ocean, in IEEE Internet of Things Journal",https://ieee-sensors.org/
51,"[19] F. Samie, S. Paul, L. Bauer and J. Henkel, ""Highly efficient and accurate seizure prediction on constrained IoT devices,"" 2018 Design, Automation & Test in Europe Conference & Exhibition (DATE)","Henkel, Highly efficient and accurate seizure prediction on constrained IoT devices, 2018 Design, Automation & Test in Europe Conference & Exhibition (DATE)",https://ieeexplore.ieee.org/document/8342147
52,"[20] A. A. Abdellatif, M. G. Khafagy, A. Mohamed and C. Chiasserini, ""EEG-Based Transceiver Design With Data Decomposition for Healthcare IoT Applications,"" in IEEE Internet of Things Journal","Chiasserini, EEG-Based Transceiver Design With Data Decomposition for Healthcare IoT Applications, in IEEE Internet of Things Journal",https://www.researchgate.net/publication/324904959_EEG-Based_Transceiver_Design_With_Data_Decomposition_for_Healthcare_IoT_Applications
53,"[21] E. De Buyser, E. De Coninck, B. Dhoedt and P. Simoens, ""Exploring the potential of combining smart glasses and consumer-grade EEG/EMG headsets for controlling IoT appliances in the smart home,"" 2nd IET International Conference on Technologies for Active and Assisted Living (TechAAL 2016)","Simoens, Exploring the potential of combining smart glasses and consumer-grade EEG/EMG headsets for controlling IoT appliances in the smart home, 2nd IET International Conference on Technologies for Active and Assisted Living (TechAAL 2016)",https://www.researchgate.net/publication/311758147_Exploring_the_Potential_of_Combining_Smart_Glasses_and_Consumer-grade_EEGEMG_Headsets_for_Controlling_IoT_Appliances_in_the_Smart_Home
54,"[22] S. U. Amin, M. S. Hossain, G. Muhammad, M. Alhussein and M. A. Rahman, ""Cognitive Smart Healthcare for Pathology Detection and Monitoring,"" in IEEE Access","Rahman, Cognitive Smart Healthcare for Pathology Detection and Monitoring, in IEEE Access",https://www.researchgate.net/publication/330255400_Cognitive_Smart_Healthcare_for_Pathology_Detection_and_Monitoring
55,"[23] M. E. Hassin and R. Khan, ""NeuroSpy: A low-cost portable IoT enabled EEG and ECG data processor,"" 2021 2nd International Conference on Robotics, Electrical and Signal Processing Techniques (ICREST)","Khan, NeuroSpy: A low-cost portable IoT enabled EEG and ECG data processor, 2021 2nd International Conference on Robotics, Electrical and Signal Processing Techniques (ICREST)",https://www.semanticscholar.org/paper/NeuroSpy%3A-A-low-cost-portable-IoT-enabled-EEG-and-Hassin-Khan/c5a1f736d54b039a44e824f629fb90bdfdfc56a9
56,"[24] B. Jagadish, M. P. R. S. Kiran and P. Rajalakshmi, ""A novel system architecture for brain controlled IoT enabled environments,"" 2017 IEEE 19th International Conference on e-Health Networking, Applications and Services (Healthcom)","Rajalakshmi, A novel system architecture for brain controlled IoT enabled environments, 2017 IEEE 19th International Conference on e-Health Networking, Applications and Services (Healthcom)",https://www.researchgate.net/publication/321892077_A_novel_system_architecture_for_brain_controlled_IoT_enabled_environments
57,"[25] I. L. Olokodana, S. P. Mohanty and E. Kougianos, ""Krig-Detect: Exploring Alternative Kriging Methods for Real-Time Seizure Detection from EEG Signals,"" 2020 IEEE 6th World Forum on Internet of Things (WF-IoT)","Kougianos, Krig-Detect: Exploring Alternative Kriging Methods for Real-Time Seizure Detection from EEG Signals, 2020 IEEE 6th World Forum on Internet of Things (WF-IoT)",https://ieeexplore.ieee.org/document/9221260
58,"[26] M. Hosseini, D. Pompili, K. Elisevich and H. Soltanian-Zadeh, ""Optimized Deep Learning for EEG Big Data and Seizure Prediction BCI via Internet of Things,"" in IEEE Transactions on Big ","Soltanian-Zadeh, Optimized Deep Learning for EEG Big Data and Seizure Prediction BCI via Internet of Things, in IEEE Transactions on Big",https://www.semanticscholar.org/paper/Optimized-Deep-Learning-for-EEG-Big-Data-and-BCI-of-Hosseini-Pompili/03a0e8563f1a65c7fdc68d21ddc4aaced677de41
59,"[27] M. A. Sayeed, S. P. Mohanty, E. Kougianos and H. P. Zaveri, ""Neuro-Detect: A Machine Learning-Based Fast and Accurate Seizure Detection System in the IoMT,"" in IEEE Transactions on Consumer Electronics","Zaveri, Neuro-Detect: A Machine Learning-Based Fast and Accurate Seizure Detection System in the IoMT, in IEEE Transactions on Consumer Electronics",https://www.smohanty.org/Publications_Journals/2019/Mohanty_IEEE-TCE_2019-Aug_Neuro-Detect.pdf
60,"[28] M. Jiang et al., ""IoT-based remote facial expression monitoring system with sEMG signal,"" 2016 IEEE Sensors Applications Symposium (SAS)",", IoT-based remote facial expression monitoring system with sEMG signal, 2016 IEEE Sensors Applications Symposium (SAS)",http://kth.diva-portal.org/smash/record.jsf?pid=diva2:1057609
61,"[29] R. Singh, T. Ahmed, A. Kumar Singh, P. Chanak and S. K. Singh, ""SeizSClas: An Efficient and Secure Internet-of-Things-Based EEG Classifier,"" in IEEE Internet of Things Journal, ","Singh, SeizSClas: An Efficient and Secure Internet-of-Things-Based EEG Classifier, in IEEE Internet of Things Journal,",https://www.researchgate.net/publication/346213421_SeizSClas_An_Efficient_and_Secure_Internet_of_Things_Based_EEG_Classifier
62,"[30] P. K. Yong and E. T. Wei Ho, ""Streaming brain and physiological signal acquisition system for IoT neuroscience application,"" 2016 IEEE EMBS Conference on Biomedical Engineering and Sciences (IECBES)","Wei Ho, Streaming brain and physiological signal acquisition system for IoT neuroscience application, 2016 IEEE EMBS Conference on Biomedical Engineering and Sciences (IECBES)",https://www.researchgate.net/publication/313455510_Streaming_brain_and_physiological_signal_acquisition_system_for_IoT_neuroscience_application
63,"[31] M. Muztoba, U. Gupta, T. Mustofa and U. Y. Ogras, ""Robust communication with IoT devices using wearable brain machine interfaces,"" 2015 IEEE/ACM International Conference on Computer-Aided Design (ICCAD)","Ogras, Robust communication with IoT devices using wearable brain machine interfaces, 2015 IEEE/ACM International Conference on Computer-Aided Design (ICCAD)",https://ieeexplore.ieee.org/document/7372571
64,"[32] H. Adeli, S. Ghosh-Dastidar and N. Dadmehr, ""A Wavelet-Chaos Methodology for Analysis of EEGs and EEG Subbands to Detect Seizure and Epilepsy,"" in IEEE Transactions on Biomedical Engineering","Dadmehr, A Wavelet-Chaos Methodology for Analysis of EEGs and EEG Subbands to Detect Seizure and Epilepsy, in IEEE Transactions on Biomedical Engineering",https://www.semanticscholar.org/paper/A-Wavelet-Chaos-Methodology-for-Analysis-of-EEGs-to-Adeli-Ghosh-Dastidar/05f730c2986051ade88e39228cfda1fcbc4ac900
65,"[33] S. L. Kappel, M. L. Rank, H. O. Toft, M. Andersen and P. Kidmose, ""Dry-Contact Electrode Ear-EEG,"" in IEEE Transactions on Biomedical Engineering,","Kidmose, Dry-Contact Electrode Ear-EEG, in IEEE Transactions on Biomedical Engineering,",https://ieeexplore.ieee.org/iel7/10/8581532/08357918.pdf
66,"[34] W. Kong, L. Wang, S. Xu, F. Babiloni and H. Chen, ""EEG Fingerprints: Phase Synchronization of EEG Signals as Biomarker for Subject Identification,"" in IEEE Access,","Chen, EEG Fingerprints: Phase Synchronization of EEG Signals as Biomarker for Subject Identification, in IEEE Access,",https://ieeexplore.ieee.org/abstract/document/8779640/
67,"[35] M. A. Riyadi, T. Prakoso, F. O. Whaillan, M. David Wahono and A. Hidayatno, ""Classification of EEG-based Brain Waves for Motor Imagery using Support Vector Machine,"" 2019 International Conference on Electrical Engineering and Computer Science (ICECOS)","Hidayatno, Classification of EEG-based Brain Waves for Motor Imagery using Support Vector Machine, 2019 International Conference on Electrical Engineering and Computer Science (ICECOS)",https://ieeexplore.ieee.org/document/8984565
68,"[36] D. Anwar, A. Gupta, V. Naik and S. K. Sharma, ""Detecting meditation using a dry mono-electrode EEG sensor,"" 2017 9th International Conference on Communication Systems and Networks (COMSNETS)","Sharma, Detecting meditation using a dry mono-electrode EEG sensor, 2017 9th International Conference on Communication Systems and Networks (COMSNETS)",https://www.researchgate.net/publication/317553879_Detecting_meditation_using_a_dry_mono-electrode_EEG_sensor
69,"[37] C. W. Yean et al., ""Analysis of The Distance Metrics of KNN Classifier for EEG Signal in Stroke Patients,"" 2018 International Conference on Computational Approach in Smart Systems Design and Applications (ICASSDA)",", Analysis of The Distance Metrics of KNN Classifier for EEG Signal in Stroke Patients, 2018 International Conference on Computational Approach in Smart Systems Design and Applications (ICASSDA)",https://www.researchgate.net/publication/328458490_Analysis_of_The_Distance_Metrics_of_KNN_Classifier_for_EEG_Signal_in_Stroke_Patients
70,"[38] E. Habeeb, N. Ghazal and S. Majzoub, ""Behavior Analysis Tool for Autistic Children Using EEG Signals,"" 2019 Advances in Science and Engineering Technology International Conferences (ASET)","Majzoub, Behavior Analysis Tool for Autistic Children Using EEG Signals, 2019 Advances in Science and Engineering Technology International Conferences (ASET)",https://ieeexplore.ieee.org/document/8714498
71,"[39] M. Wang, S. Abdelfattah, N. Moustafa and J. Hu, ""Deep Gaussian Mixture-Hidden Markov Model for Classification of EEG Signals,"" in IEEE Transactions on Emerging Topics in Computational Intelligence","Hu, Deep Gaussian Mixture-Hidden Markov Model for Classification of EEG Signals, in IEEE Transactions on Emerging Topics in Computational Intelligence",https://www.semanticscholar.org/paper/Deep-Gaussian-Mixture-Hidden-Markov-Model-for-of-Wang-Abdelfattah/54386f531d48af772ccbd7854dc04f8b8b90bc33
72,"[40] H. Ullah, M. Uzair, A. Mahmood, M. Ullah, S. D. Khan and F. A. Cheikh, ""Internal Emotion Classification Using EEG Signal With Sparse Discriminative Ensemble,"" in IEEE Access","Cheikh, Internal Emotion Classification Using EEG Signal With Sparse Discriminative Ensemble, in IEEE Access",https://www.semanticscholar.org/paper/Internal-Emotion-Classification-Using-EEG-Signal-Ullah-Uzair/ad3345dd9b4162382bb7903d651000775e215ec1
73,"[41] J. E. Le Douget, A. Fouad, M. Maskani Filali, J. Pyrzowski and M. Le Van Quyen, ""Surface and intracranial EEG spike detection based on discrete wavelet decomposition and random forest classification,"" 2017 39th Annual International Conference of the IEEE Engineering in Medicine and Biology Society (EMBC)","Le Van Quyen, Surface and intracranial EEG spike detection based on discrete wavelet decomposition and random forest classification, 2017 39th Annual International Conference of the IEEE Engineering in Medicine and Biology Society (EMBC)",https://ieeexplore.ieee.org/abstract/document/8036865/
74,"[42] Y. -E. Lee and S. -W. Lee, ""Decoding Event-related Potential from Ear-EEG Signals based on Ensemble Convolutional Neural Networks in Ambulatory Environment,"" 2021 9th International Winter Conference on Brain-Computer Interface (BCI)","Lee, Decoding Event-related Potential from Ear-EEG Signals based on Ensemble Convolutional Neural Networks in Ambulatory Environment, 2021 9th International Winter Conference on Brain-Computer Interface (BCI)",https://ieeexplore.ieee.org/document/9385313/
75,"[43] C. Tan, F. Sun, W. Zhang, S. Liu and C. Liu, ""Spatial and spectral features fusion for EEG classification during motor imagery in BCI,"" 2017 IEEE EMBS International Conference on Biomedical & Health Informatics (BHI)","Liu, Spatial and spectral features fusion for EEG classification during motor imagery in BCI, 2017 IEEE EMBS International Conference on Biomedical & Health Informatics (BHI)",https://ieeexplore.ieee.org/abstract/document/7897267/
76,"[44] C. Han and C. Im, ""EEG-based brain-computer interface for real-time communication of patients in completely locked-in state,"" 2018 6th International Conference on Brain-Computer Interface (BCI)","Im, EEG-based brain-computer interface for real-time communication of patients in completely locked-in state, 2018 6th International Conference on Brain-Computer Interface (BCI)",https://ieeexplore.ieee.org/document/8311509
77,"[45] L. Zhang, ""EEG Signals Classification Using Machine Learning for The Identification and Diagnosis of Schizophrenia,"" 2019 41st Annual International Conference of the IEEE Engineering in Medicine and Biology Society (EMBC)","Zhang, EEG Signals Classification Using Machine Learning for The Identification and Diagnosis of Schizophrenia, 2019 41st Annual International Conference of the IEEE Engineering in Medicine and Biology Society (EMBC)",https://ieeexplore.ieee.org/abstract/document/8857946/
78,"[46] R. Schirrmeister, L. Gemein, K. Eggensperger, F. Hutter and T. Ball, ""Deep learning with convolutional neural networks for decoding and visualization of EEG pathology,"" 2017 IEEE Signal Processing in Medicine and Biology Symposium (SPMB)","Ball, Deep learning with convolutional neural networks for decoding and visualization of EEG pathology, 2017 IEEE Signal Processing in Medicine and Biology Symposium (SPMB)",http://ieeexplore.ieee.org/document/8257015/
79,"[47] A. Turnip, D. E. Kusumandari and D. S. Pamungkas, ""Drug Abuse Identification based EEG-P300 Amplitude and Latency with Fuzzy Logic Calssifier,"" 2018 International Conference on Applied Engineering (ICAE)","Pamungkas, Drug Abuse Identification based EEG-P300 Amplitude and Latency with Fuzzy Logic Calssifier, 2018 International Conference on Applied Engineering (ICAE)",https://www.researchgate.net/publication/329817546_Drug_Abuse_Identification_based_EEG-P300_Amplitude_and_Latency_with_Fuzzy_Logic_Calssifier
80,"[48] H. Zhou and G. Zhang, ""Motor Imagery EEG-based Control of Intelligent Wheelchair Using Deep Belief Network Coupled with OVO-CSP Algorithm,"" 2019 3rd International Conference on Data Science and Business Analytics (ICDSBA)","Zhang, Motor Imagery EEG-based Control of Intelligent Wheelchair Using Deep Belief Network Coupled with OVO-CSP Algorithm, 2019 3rd International Conference on Data Science and Business Analytics (ICDSBA)",https://www.researchgate.net/publication/347551263_Motor_Imagery_EEG-based_Control_of_Intelligent_Wheelchair_Using_Deep_Belief_Network_Coupled_with_OVO-CSP_Algorithm
81,"[49] R. Alazrai, F. Alqasem, S. Alaarag, K. M. Ahmad Yousef and M. I. Daoud, ""A Bispectrum-based Approach for Detecting Deception using EEG Signals,"" 2018 IEEE 20th International Conference on e-Health Networking, Applications and Services (Healthcom)","Daoud, A Bispectrum-based Approach for Detecting Deception using EEG Signals, 2018 IEEE 20th International Conference on e-Health Networking, Applications and Services (Healthcom)",http://www.gju.edu.jo/news/published-papers-gju-students-8983
82,"[50] M. Ma, L. Guo, K. Su and D. Liang, ""Classification of motor imagery EEG signals based on wavelet transform and sample entropy,"" 2017 IEEE 2nd Advanced Information Technology, Electronic and Automation Control Conference (IAEAC)","Liang, Classification of motor imagery EEG signals based on wavelet transform and sample entropy, 2017 IEEE 2nd Advanced Information Technology, Electronic and Automation Control Conference (IAEAC)",https://www.ncbi.nlm.nih.gov/pmc/articles/PMC6721346/
83,"[1] Yadava, M., Kumar, P., Saini, R. et al. Analysis of EEG signals and its application to neuromarketing. Multimed Tools Appl 76",Analysis of EEG signals and its application to neuromarketing,https://www.semanticscholar.org/paper/Analysis-of-EEG-signals-and-its-application-to-Yadava-Kumar/a671bfeca89489136b0e43322f5707d006807a0a
84,"[2] Salience and choice: Neural correlates of shopping decisions Tim Ambler, Sven Braeutigam , John Stins, Steven Rose, Stephen Swithen ","[2] Salience and choice: Neural correlates of shopping decisions Tim Ambler, Sven Braeutigam , John Stins, Steven Rose, Stephen Swithen",https://onlinelibrary.wiley.com/doi/abs/10.1002/mar.20004
85,[3] Brain Waves Predict Success of New Fashion Products: A Practical Application for the Footwear Retailing Industry,[3] Brain Waves Predict Success of New Fashion Products: A Practical Application for the Footwear Retailing Industry,https://journals.sagepub.com/doi/abs/10.1177/2394964315569625
86,[4] Brain Responses to Movie Trailers Predict Individual Preferences for Movies and Their Population-Wide Commercial Success,[4] Brain Responses to Movie Trailers Predict Individual Preferences for Movies and Their Population-Wide Commercial Success,https://journals.sagepub.com/doi/abs/10.1509/jmr.13.0572?journalCode=mrja
87,"[5] V. Gandhi, G. Prasad, D. Coyle, L. Behera and T. M. McGinnity, ""Quantum Neural Network-Based EEG Filtering for a Brain–Computer Interface,"" in IEEE Transactions on Neural Networks and Learning Systems","McGinnity, Quantum Neural Network-Based EEG Filtering for a Brain–Computer Interface, in IEEE Transactions on Neural Networks and Learning Systems",https://pubmed.ncbi.nlm.nih.gov/24807028/
88,"[6] Guibing Guo and Mohamed Elgendi, ""A New Recommender System for 3D E-Commerce: An EEG Based Approach,"" Journal of Advanced  Management Science","[6] Guibing Guo and Mohamed Elgendi, A New Recommender System for 3D E-Commerce: An EEG Based Approach, Journal of Advanced  Management Science",http://www.joams.com/index.php?m=content&c=index&a=show&catid=27&id=25
89,"[7] Rami N. Khushaba, Luke Greenacre, Sarath Kodagoda, Jordan Louviere, Sandra Burke, Gamini Dissanayake, “Choice modeling and the brain: A study on the Electroencephalogram (EEG) of preferences”, Expert Systems with Applications","Khushaba, Luke Greenacre, Sarath Kodagoda, Jordan Louviere, Sandra Burke, Gamini Dissanayake, “Choice modeling and the brain: A study on the Electroencephalogram (EEG) of preferences”, Expert Systems with Applications",https://dl.acm.org/doi/pdf/10.1145/3325424.3329660
90,"[8] Rami N. Khushaba, Chelsea Wise, Sarath Kodagoda, Jordan Louviere, Barbara E. Kahn, Claudia Townsend, Consumer neuroscience: Assessing the brain response to marketing stimuli using electroencephalogram (EEG) and eye tracking, Expert Systems with Applications ISSN 0957-4174","Kahn, Claudia Townsend, Consumer neuroscience: Assessing the brain response to marketing stimuli using electroencephalogram (EEG) and eye tracking, Expert Systems with Applications ISSN 0957-4174",https://www.cs.tau.ac.il/~nin/Courses/Seminar14a/Neuromarketing.pdf
91,"[9] Morin, C. Neuromarketing: The New Science of Consumer Behavior. Soc 48, 131–135 (2011). ",Neuromarketing: The New Science of Consumer Behavior,https://link.springer.com/article/10.1007/s12115-010-9408-1
92,"[10] M. Arvaneh, C. Guan, K. K. Ang and C. Quek, ""Optimizing the Channel Selection and Classification Accuracy in EEG-Based BCI,"" in IEEE Transactions on Biomedical Engineering","Quek, Optimizing the Channel Selection and Classification Accuracy in EEG-Based BCI, in IEEE Transactions on Biomedical Engineering",https://pubmed.ncbi.nlm.nih.gov/21427014/
93,"[11]. Li Wang, Xiong Zhang, Xuefei Zhong, Yu Zhang, “Analysis and classification of speech imagery EEG for BCI”, Biomedical Signal Processing and Control,","Li Wang, Xiong Zhang, Xuefei Zhong, Yu Zhang, “Analysis and classification of speech imagery EEG for BCI”, Biomedical Signal Processing and Control,",https://www.researchgate.net/publication/273529869_Analysis_and_classification_of_speech_imagery_EEG_for_BCI
94,"[12] Kerous, B., Skola, F. & Liarokapis, F. EEG-based BCI and video games: a progress report. Virtual Reality 22,",EEG-based BCI and video games: a progress report,https://www.muni.cz/en/research/publications/1393491
95,[13] Towards passive brain–computer interfaces: applying brain–computer interface technology to human–machine systems in general,[13] Towards passive brain–computer interfaces: applying brain–computer interface technology to human–machine systems in general,https://pubmed.ncbi.nlm.nih.gov/21436512/
96,"[14] Zhao, Q., Zhang, L. & Cichocki, A. EEG-based asynchronous BCI control of a car in 3D virtual reality environments. Chin. Sci. Bull. ",EEG-based asynchronous BCI control of a car in 3D virtual reality environments,http://bcmi.sjtu.edu.cn/~zhangliqing/Papers/2008ChineseScienceBulletin-Zhao.pdf
97,"[16] Y. Chae, J. Jeong and S. Jo, ""Toward Brain-Actuated Humanoid Robots: Asynchronous Direct Control Using an EEG-Based BCI,"" in IEEE Transactions on Robotics ","Jo, Toward Brain-Actuated Humanoid Robots: Asynchronous Direct Control Using an EEG-Based BCI, in IEEE Transactions on Robotics",http://nmail.kaist.ac.kr/paper/IEEE_TRO.pdf
98,[18] Inter-subject transfer learning with an end-to-end deep convolutional neural network for EEG-based BCI Fatemeh Fahimi et al 2019 J. Neural Eng. ,[18] Inter-subject transfer learning with an end-to-end deep convolutional neural network for EEG-based BCI Fatemeh Fahimi et al 2019 J,https://pubmed.ncbi.nlm.nih.gov/30524056/
99,"[19] Yuanqing Li, Chuanchu Wang, Haihong Zhang and Cuntai Guan, ""An EEG-based BCI system for 2D cursor control,"" 2008 IEEE International Joint Conference on Neural Networks (IEEE World Congress on Computational Intelligence)","[19] Yuanqing Li, Chuanchu Wang, Haihong Zhang and Cuntai Guan, An EEG-based BCI system for 2D cursor control, 2008 IEEE International Joint Conference on Neural Networks (IEEE World Congress on Computational Intelligence)",https://www.researchgate.net/publication/224330953_An_EEG-based_BCI_system_for_2D_cursor_control
100,"[21] “Applications of EEG indices for the quantification of human cognitive performance: A systematic review and bibliometric analysis” Ismail LE, Karwowski W (2020) Applications of EEG indices for the quantification of human cognitive performance: A systematic review and bibliometric analysis. PLOS ONE 15(12): e0242857","[21] “Applications of EEG indices for the quantification of human cognitive performance: A systematic review and bibliometric analysis” Ismail LE, Karwowski W (2020) Applications of EEG indices for the quantification of human cognitive performance: A systematic review and bibliometric analysis",https://journals.plos.org/plosone/article?id=10.1371/journal.pone.0242857
101,"[22] E. W. Anderson, K. C. Potter, L. E. Matzen, J. F. Shepherd, G. A. Preston, and C. T. Silva ""Using EEG to Study Cognitive Development"": Issues and Practices Bell MA, Cuevas K. Using EEG to Study Cognitive Development: Issues and Practices. J Cogn Dev. ","Silva Using EEG to Study Cognitive Development: Issues and Practices Bell MA, Cuevas K",https://www.ncbi.nlm.nih.gov/pmc/articles/PMC3491357/
102,"[23] J. Satheesh Kumar, P. Bhuvaneswari, Analysis of Electroencephalography (EEG) Signals and Its Categorization–A Study, Procedia Engineering,","Bhuvaneswari, Analysis of Electroencephalography (EEG) Signals and Its Categorization–A Study, Procedia Engineering,",https://www.sciencedirect.com/science/article/pii/S1877705812022114
103,[24] A User Study of Visualization Effectiveness Using EEG and Cognitive Load,[24] A User Study of Visualization Effectiveness Using EEG and Cognitive Load,http://www.cs.tufts.edu/comp/250VA/papers/anderson2011.pdf
104,"[25] Using EEG to Study Cognitive Development: Issues and Practices Natalie H. Brito, William P. Fifer, Dima Amso, Rachel Barr, Martha Ann Bell, Susan Calkins, Albert Flynn, Hawley E. Montgomery-Downs, Lisa M. Oakes, John E. Richards, Larissa M. Samuelson, John Colombo. (2019) Beyond the Bayley: Neurocognitive Assessments of Development During Infancy and Toddlerhood. Developmental Neuropsychology",(2019) Beyond the Bayley: Neurocognitive Assessments of Development During Infancy and Toddlerhood,https://pubmed.ncbi.nlm.nih.gov/30616391/
105,[26] The clinical use of quantitative EEG in cognitive disorders,[26] The clinical use of quantitative EEG in cognitive disorders,https://www.ncbi.nlm.nih.gov/pmc/articles/PMC5618973/
106,"[27] EEG-Based Transceiver Design With Data Decomposition for Healthcare IoT Applications A. Abdellatif, M. G. Khafagy, A. Mohamed and C. Chiasserini, ""EEG-Based Transceiver Design With Data Decomposition for Healthcare IoT Applications,"" in IEEE Internet of Things Journal","Chiasserini, EEG-Based Transceiver Design With Data Decomposition for Healthcare IoT Applications, in IEEE Internet of Things Journal",https://www.semanticscholar.org/paper/EEG-Based-Transceiver-Design-With-Data-for-IoT-Abdellatif-Khafagy/e1562afcb135d23944969679f01e4fc6e1901cf2
107,"[28] Introducing Neuroberry, a platform for pervasive EEG signaling in the IoT domain. Evdokimos Konstantinidis, Nicola Conci, Giorgos Bamparopoulos, Efstathios Sidiropoulos, Francesco De Natale, and PanagIoTis Bamidis. 2015. Introducing Neuroberry, a platform for pervasive EEG signaling in the IoT domain. In Proceedings of the 5th EAI International Conference on Wireless Mobile Communication and Healthcare (MOBIHEALTH'15). ICST (Institute for Computer Sciences, Social-Informatics and Telecommunications Engineering), Brussels, BEL, 166–169. ","Evdokimos Konstantinidis, Nicola Conci, Giorgos Bamparopoulos, Efstathios Sidiropoulos, Francesco De Natale, and PanagIoTis Bamidis",no link found
108,"[29] A Prototype of EEG System for IoT Laport, F., Dapena, A., Castro, P. M., Vazquez-Araujo, F. J., & Iglesia, D. (2020). A Prototype of EEG System for IoT. International Journal of Neural Systems, 2050018-2050018.","International Journal of Neural Systems, 2050018-2050018",https://academic-accelerator.com/Impact-Factor-IF/International-Journal-of-Neural-Systems
109,[30] An EEG-Based Identity Authentication System with Audiovisual Paradigm in IoT,[30] An EEG-Based Identity Authentication System with Audiovisual Paradigm in IoT,https://www.ncbi.nlm.nih.gov/pmc/articles/PMC6479387/
110,"Huang, Haiping; Hu, Linkang; Xiao, Fu; Du, Anming; Ye, Ning; He, Fan. 2019. ""An EEG-Based Identity Authentication System with Audiovisual Paradigm in IoT"" Sensors 19",An EEG-Based Identity Authentication System with Audiovisual Paradigm in IoT Sensors 19,https://www.mdpi.com/1424-8220/19/7/1664
111,"[31] Kurapa, A., Rathore, D., Edla, D.R. et al. A Hybrid Approach for Extracting EMG signals by Filtering EEG Data for IoT Applications for Immobile Persons. Wireless Pers Commun 114",A Hybrid Approach for Extracting EMG signals by Filtering EEG Data for IoT Applications for Immobile Persons,https://www.springerprofessional.de/en/a-hybrid-approach-for-extracting-emg-signals-by-filtering-eeg-da/18081198
112,"[32] K. Abualsaud, A. Mohamed, T. Khattab, E. Yaacoub, M. Hasna and M. Guizani, ""Classification for Imperfect EEG Epileptic Seizure in IoT applications: A Comparative Study,"" 2018 14th International Wireless Communications & Mobile Computing Conference (IWCMC), 2018,","Guizani, Classification for Imperfect EEG Epileptic Seizure in IoT applications: A Comparative Study, 2018 14th International Wireless Communications & Mobile Computing Conference (IWCMC), 2018,",https://ieeexplore.ieee.org/document/8450279
113,"[33] Y. Duan, Z. Li, X. Tao, Q. Li, S. Hu and J. Lu, ""EEG-Based Maritime Object Detection for IoT-Driven Surveillance Systems in Smart Ocean,"" in IEEE Internet of Things Journal","Lu, EEG-Based Maritime Object Detection for IoT-Driven Surveillance Systems in Smart Ocean, in IEEE Internet of Things Journal",https://ieee-sensors.org/
114,"[34] Y. Duan, Z. Li, X. Tao, Q. Li, S. Hu and J. Lu, ""EEG-Based Maritime Object Detection for IoT-Driven Surveillance Systems in Smart Ocean,"" in IEEE Internet of Things Journal","Lu, EEG-Based Maritime Object Detection for IoT-Driven Surveillance Systems in Smart Ocean, in IEEE Internet of Things Journal",https://ieee-iotj.org/
115,[35] Exploring the Potential of Combining Smart Glasses and Consumer-grade EEG/EMG Headsets for Controlling IoT Appliances in the Smart Home,[35] Exploring the Potential of Combining Smart Glasses and Consumer-grade EEG/EMG Headsets for Controlling IoT Appliances in the Smart Home,https://www.semanticscholar.org/paper/Exploring-the-potential-of-combining-smart-glasses-Buyser-Coninck/5408f95e981c561a7c42fde072e851b6e756e8c6
116,"[36] Alhussein, M., Muhammad, G., Hossain, M.S. et al. Cognitive IoT-Cloud Integration for Smart Healthcare: Case Study for Epileptic Seizure Detection and Monitoring. Mobile Netw Appl 23, 1624–1635",Cognitive IoT-Cloud Integration for Smart Healthcare: Case Study for Epileptic Seizure Detection and Monitoring,https://www.researchgate.net/publication/327727474_Cognitive_IoT-Cloud_Integration_for_Smart_Healthcare_Case_Study_for_Epileptic_Seizure_Detection_and_Monitoring
117,[37] EEG Signal and Feature Interaction Modeling-Based Eye Behavior Prediction Research,[37] EEG Signal and Feature Interaction Modeling-Based Eye Behavior Prediction Research,https://www.hindawi.com/journals/cmmm/2020/2801015/
118,"[38] Choice modeling and the brain: A study on the Electroencephalogram (EEG) of preferences, Rami N. Khushaba, Luke Greenacre, Sarath Kodagoda, Jordan Louviere, Sandra Burke, Gamini Dissanayake,","[38] Choice modeling and the brain: A study on the Electroencephalogram (EEG) of preferences, Rami N",https://www.researchgate.net/publication/257404347_Choice_modeling_and_the_brain_A_study_on_the_Electroencephalogram_EEG_of_preferences
119,"[39] Choice modeling and the brain: A study on the Electroencephalogram (EEG) of preferences,","[39] Choice modeling and the brain: A study on the Electroencephalogram (EEG) of preferences,",https://www.researchgate.net/publication/257404347_Choice_modeling_and_the_brain_A_study_on_the_Electroencephalogram_EEG_of_preferences
120,"[40] A. Pap, S. Oniga and A. Alexan, ""Machine Learning EEG Data Analysis For eHealth IoT System,"" 2020 IEEE International Conference on Automation, Quality and Testing, Robotics (AQTR), 2020","Alexan, Machine Learning EEG Data Analysis For eHealth IoT System, 2020 IEEE International Conference on Automation, Quality and Testing, Robotics (AQTR), 2020",http://scholar.google.com/citations?user=pVVcdpwAAAAJ&hl=en
121,"[41] G. R. Müller-Putz et al., ""Towards non-invasive EEG-based arm/hand-control in users with spinal cord injury,"" 2017 5th International Winter Conference on Brain-Computer Interface (BCI)",", Towards non-invasive EEG-based arm/hand-control in users with spinal cord injury, 2017 5th International Winter Conference on Brain-Computer Interface (BCI)",https://www.researchgate.net/publication/313870055_Towards_non-invasive_EEG-based_armhand-control_in_users_with_spinal_cord_injury
122,"[42] S. Debener and M. G. Bleichner, ""Transparent electroencephalography? : Exploring ear-EEG for long-term, mobile electrophysiology,"" 2019 7th International Winter Conference on Brain-Computer Interface (BCI), 2019,","Bleichner, Transparent electroencephalography? : Exploring ear-EEG for long-term, mobile electrophysiology, 2019 7th International Winter Conference on Brain-Computer Interface (BCI), 2019,",https://www.frontiersin.org/articles/10.3389/fnhum.2017.00163/full
123,"[43] D. Mattia, L. Astolfi, J. Toppi, M. Petti, F. Pichiorri and F. Cincotti, ""Interfacing brain and computer in neurorehabilitation,"" 2016 4th International Winter Conference on Brain-Computer Interface (BCI), ","Cincotti, Interfacing brain and computer in neurorehabilitation, 2016 4th International Winter Conference on Brain-Computer Interface (BCI),",https://www.ncbi.nlm.nih.gov/pmc/articles/PMC4383183/
124,[44] Identification of Attention State for Menu-Selection using In-Ear EEG Recording,[44] Identification of Attention State for Menu-Selection using In-Ear EEG Recording,https://www.semanticscholar.org/paper/Identification-of-Attention-State-for-using-In-Ear-Jeong-Jeong/05bd6938146a9a0bcfb65268e21aba3f7f142ad5
125,"D. Jeong, J. Jeong, Y. Chae and H. Choi, ""Identification of Attention State for Menu-Selection using In-Ear EEG Recording,"" 2017 5th International Winter Conference on Brain-Computer Interface (BCI), ","Choi, Identification of Attention State for Menu-Selection using In-Ear EEG Recording, 2017 5th International Winter Conference on Brain-Computer Interface (BCI),",https://www.researchgate.net/publication/313874752_Identification_of_Attention_State_for_Menu-Selection_using_In-Ear_EEG_Recording
126,"[45] C. Guan, N. Robinson, V. S. Handiru and V. A. Prasad, ""Detecting and tracking multiple directional movements in EEG based BCI,"" 2017 5th International Winter Conference on Brain-Computer Interface (BCI)","Prasad, Detecting and tracking multiple directional movements in EEG based BCI, 2017 5th International Winter Conference on Brain-Computer Interface (BCI)",https://ieeexplore.ieee.org/document/7858154
127,"[46] Tezuka, T., Kumar, D., Singh, S. et al. Real-time, automatic, open-source sleep stage
classification system using single EEG for mice.","Real-time, automatic, open-source sleep stage
classification system using single EEG for mice",request failed
128,"Somers, B., Long, C.J, Francart, T. EEG-based diagnostics of the auditory system using
cochlear implant electrodes as sensors","EEG-based diagnostics of the auditory system using
cochlear implant electrodes as sensors",request failed
129,"Kumarasinghe, K., Kasabov, Taylor, D. Brain-inspired spiking neural networks for
decoding and understanding muscle activity and kinematics from
electroencephalography signals during hand movements. EEG","Brain-inspired spiking neural networks for
decoding and understanding muscle activity and kinematics from
electroencephalography signals during hand movements",request failed
130,"Shibata, S., Watanabe, T., Yukawa, Y. et al. Effects of transcranial static magnetic
stimulation over the primary motor cortex on local and network spontaneous
electroencephalogram oscillations. EEG","Effects of transcranial static magnetic
stimulation over the primary motor cortex on local and network spontaneous
electroencephalogram oscillations",request failed
131,"Somers, B., Long, C.J. Francart, T. EEG-based diagnostics of the auditory system using
cochlear implant electrodes as sensors","EEG-based diagnostics of the auditory system using
cochlear implant electrodes as sensors",request failed
132,"Gómez, C., Arbeláez, P., Navarrete, M. et al. Automatic seizure detection based on
imaged-EEG signals through fully convolutional networks.","Automatic seizure detection based on
imaged-EEG signals through fully convolutional networks",request failed
133,"Kujala, M.V., Kauppi, JP., Törnqvist, H. et al. Time-resolved classification of dog
brain signals reveals early processing of faces, species and emotion. EEG","Time-resolved classification of dog
brain signals reveals early processing of faces, species and emotion",request failed
134,"Kaiser, D., Nyga, K. Tracking cortical representations of facial attractiveness using
time-resolved representational similarity analysis. EEG","Tracking cortical representations of facial attractiveness using
time-resolved representational similarity analysis",request failed
135,"Demuru, M., Kalitzin, S., Zweiphenning, W. et al. The value of intra-operative
electrographic biomarkers for tailoring during epilepsy surgery: from group-level
to patient-level analysis.EEG","The value of intra-operative
electrographic biomarkers for tailoring during epilepsy surgery: from group-level
to patient-level analysis",request failed
136,"Akter, M.S., Islam, M.R., Iimura, Y. et al. Multiband entropy-based feature-
extraction method for automatic identification of epileptic focus based on high-
frequency components in interictal iEEG.","Multiband entropy-based feature-
extraction method for automatic identification of epileptic focus based on high-
frequency components in interictal iEEG",request failed
137,"Damborská, A., Honzírková, E., Barteček, R. et al. Altered directed functional
connectivity of the right amygdala in depression: high-density EEG study.","Altered directed functional
connectivity of the right amygdala in depression: high-density EEG study",request failed
138,"Boran, E., Sarnthein, J., Krayenbühl, N. et al. High-frequency oscillations in scalp
EEG mirror seizure frequency in pediatric focal epilepsy.","High-frequency oscillations in scalp
EEG mirror seizure frequency in pediatric focal epilepsy",request failed
139,"Choi, J., Ku, B., You, Y.G. et al. Resting-state prefrontal EEG biomarkers in
correlation with MMSE scores in elderly individuals","Resting-state prefrontal EEG biomarkers in
correlation with MMSE scores in elderly individuals",request failed
140,"Gupta, A., Bhushan, Behera, L. Short-term enhancement of cognitive functions
and music: A three-channel model. EEG","Short-term enhancement of cognitive functions
and music: A three-channel model",request failed
141,"Tsai, FF., Fan, SZ., Cheng, HL. et al. Multi-timescale phase-amplitude couplings in
transitions of anesthetic-induced unconsciousness, EEG","Multi-timescale phase-amplitude couplings in
transitions of anesthetic-induced unconsciousness, EEG",request failed
142,"Lauer, T., Cornelissen, T.H.W., Draschkow, D. et al. The role of scene summary
statistics in object recognition,EEG","The role of scene summary
statistics in object recognition,EEG",request failed
143,"Gawlowska, M., Domagalik, A., Beldzik, E. et al. Dynamics of error-related activity in
deterministic learning - an EEG and fMRI study","Dynamics of error-related activity in
deterministic learning - an EEG and fMRI study",request failed
144,"Wang, R.W.Y., Chen, YC., Liu, IN. et al. Temporal and spectral EEG dynamics can be
indicators of stealth placement","Temporal and spectral EEG dynamics can be
indicators of stealth placement",request failed
145,"Lewis, A.G., Schriefers, H., Bastiaansen, M. et al. Assessing the utility of frequency
tagging for tracking memory-based reactivation of word representations.EEG","Assessing the utility of frequency
tagging for tracking memory-based reactivation of word representations",request failed
146,"Melnik, A., Hairston, W.D., Ferris, D.P. et al. EEG correlates of sensorimotor
processing: independent components involved in sensory and motor
processing.","EEG correlates of sensorimotor
processing: independent components involved in sensory and motor
processing",request failed
147,"Wang, R., Chang, YC. Chuang, SW. EEG Spectral Dynamics of Video Commercials:
Impact of the Narrative on the Branding Product Preference","EEG Spectral Dynamics of Video Commercials:
Impact of the Narrative on the Branding Product Preference",request failed
148,"Tezuka, T., Kumar, D., Singh, S. et al. Real-time, automatic, open-source sleep stage
classification system using single EEG for mice. Sci Rep 11, 11151 (2021).","Real-time, automatic, open-source sleep stage
classification system using single EEG for mice",request failed
149,"Somers, B., Long, C.J. &amp; Francart, T. EEG-based diagnostics of the auditory system using
cochlear implant electrodes as sensors. Sci Rep 11, 5383 (2021).","EEG-based diagnostics of the auditory system using
cochlear implant electrodes as sensors",request failed
150,"Kumarasinghe, K., Kasabov, N. &amp; Taylor, D. Brain-inspired spiking neural networks for
decoding and understanding muscle activity and kinematics from
electroencephalography signals during hand movements.EEG","Brain-inspired spiking neural networks for
decoding and understanding muscle activity and kinematics from
electroencephalography signals during hand movements",request failed
151,"Shibata, S., Watanabe, T., Yukawa, Y. et al. Effects of transcranial static magnetic
stimulation over the primary motor cortex on local and network spontaneous
electroencephalogram oscillations. EEG","Effects of transcranial static magnetic
stimulation over the primary motor cortex on local and network spontaneous
electroencephalogram oscillations",request failed
152,"Gómez, C., Arbeláez, P., Navarrete, M. et al. Automatic seizure detection based on
imaged-EEG signals through fully convolutional networks. Sci Rep 10, 21833","Automatic seizure detection based on
imaged-EEG signals through fully convolutional networks",request failed
153,"Kujala, M.V., Kauppi, JP., Törnqvist, H. et al. Time-resolved classification of dog
brain signals reveals early processing of faces, species and emotion.EEG","Time-resolved classification of dog
brain signals reveals early processing of faces, species and emotion",request failed
154,"Kaiser, D., Nyga, K. Tracking cortical representations of facial attractiveness using
time-resolved representational similarity analysis. EEG","Tracking cortical representations of facial attractiveness using
time-resolved representational similarity analysis",request failed
155,"Demuru, M., Kalitzin, S., Zweiphenning, W. et al. The value of intra-operative
electrographic biomarkers for tailoring during epilepsy surgery: from group-level
to patient-level analysis. EEG","The value of intra-operative
electrographic biomarkers for tailoring during epilepsy surgery: from group-level
to patient-level analysis",request failed
156,"Akter, M.S., Islam, M.R., Iimura, Y. et al. Multiband entropy-based feature-
extraction method for automatic identification of epileptic focus based on high-
frequency components in interictal iEEG. Sci Rep 10, 7044 ","Multiband entropy-based feature-
extraction method for automatic identification of epileptic focus based on high-
frequency components in interictal iEEG",request failed
157,"Damborská, A., Honzírková, E., Barteček, R. et al. Altered directed functional
connectivity of the right amygdala in depression: high-density EEG study. Sci
Rep 10, 4398 ","Altered directed functional
connectivity of the right amygdala in depression: high-density EEG study",request failed
158,"Boran, E., Sarnthein, J., Krayenbühl, N. et al. High-frequency oscillations in scalp
EEG mirror seizure frequency in pediatric focal epilepsy. Sci Rep 9, 16560 (2019).","High-frequency oscillations in scalp
EEG mirror seizure frequency in pediatric focal epilepsy",request failed
159,"Choi, J., Ku, B., You, Y.G. et al. Resting-state prefrontal EEG biomarkers in
correlation with MMSE scores in elderly individuals.","Resting-state prefrontal EEG biomarkers in
correlation with MMSE scores in elderly individuals",request failed
160,"Gupta, A., Bhushan, B.  Behera, L. Short-term enhancement of cognitive functions
and music: A three-channel model. EEG","Short-term enhancement of cognitive functions
and music: A three-channel model",request failed
161,"Tsai, FF., Fan, SZ., Cheng, HL. et al. EEG Multi-timescale phase-amplitude couplings in
transitions of anesthetic-induced unconsciousness. Sci Rep 9, 7815 ","EEG Multi-timescale phase-amplitude couplings in
transitions of anesthetic-induced unconsciousness",request failed
162,"Lauer, T., Cornelissen, T.H.W., Draschkow, D. et al. The role of EEG scene summary
statistics in object recognition. Sci Rep 8, 14666 ","The role of EEG scene summary
statistics in object recognition",request failed
163,"Gawlowska, M., Domagalik, A., Beldzik, E. et al. Dynamics of error-related activity in
deterministic learning - an EEG and fMRI study. Sci Rep 8, 14617 (2018).","Dynamics of error-related activity in
deterministic learning - an EEG and fMRI study",request failed
164,"Wang, R.W.Y., Chen, YC., Liu, IN. et al. Temporal and spectral EEG dynamics can be
indicators of stealth placement. Sci Rep 8, 9117","Temporal and spectral EEG dynamics can be
indicators of stealth placement",request failed
165,"Melnik, A., Hairston, W.D., Ferris, D.P. et al. EEG correlates of sensorimotor
processing: independent components involved in sensory and motor
processing. Sci Rep 7, 4461","EEG correlates of sensorimotor
processing: independent components involved in sensory and motor
processing",request failed
166,"Zich C, Debener S, Schweinitz C, Sterr A, Meekes J, Kranczioch C. High-Intensity Chronic Stroke Motor Imagery Neurofeedback Training at Home: Three Case Reports. Clin EEG Neurosci.",High-Intensity Chronic Stroke Motor Imagery Neurofeedback Training at Home: Three Case Reports,https://pubmed.ncbi.nlm.nih.gov/28677413/
167,"A Survey On EEG Analysis Using Different Methodologies B. Indira Priyadarshini, Dr. D. Krishna Reddy Research Scholar, Professor Osmania University Chaitanya Bharathi Institute of Technology IJEDR ","Krishna Reddy Research Scholar, Professor Osmania University Chaitanya Bharathi Institute of Technology IJEDR",http://scholar.google.com/citations?user=pIJhF3YAAAAJ&hl=en
